{"20": {"voting_age_population": 564756, "population": 717319, "gov_dvote": 128199, "gov_rvote": 63694, "comp_dvote": 95248, "comp_rvote": 95273, "uss_dvote": 126903, "uss_rvote": 71598, "statecode": "ny"}, "23": {"voting_age_population": 561120, "population": 715904, "gov_dvote": 85657.0000000002, "gov_rvote": 86929.0, "comp_dvote": 63835.999999999796, "comp_rvote": 97321.0, "uss_dvote": 89767.9999999996, "uss_rvote": 74197.0, "statecode": "ny"}, "16": {"voting_age_population": 548107, "population": 718862, "gov_dvote": 114116, "gov_rvote": 31901, "comp_dvote": 91788, "comp_rvote": 48717, "uss_dvote": 101650, "uss_rvote": 40268, "statecode": "ny"}, "14": {"voting_age_population": 571421, "population": 721113, "gov_dvote": 64916, "gov_rvote": 13660, "comp_dvote": 56091, "comp_rvote": 18962, "uss_dvote": 59373, "uss_rvote": 16246, "statecode": "ny"}, "15": {"voting_age_population": 503095, "population": 714905, "gov_dvote": 65644, "gov_rvote": 2677, "comp_dvote": 61382, "comp_rvote": 3283, "uss_dvote": 61759, "uss_rvote": 2653, "statecode": "ny"}, "13": {"voting_age_population": 558605, "population": 720172, "gov_dvote": 94064, "gov_rvote": 4876, "comp_dvote": 85925, "comp_rvote": 8121, "uss_dvote": 89511, "uss_rvote": 5662, "statecode": "ny"}, "22": {"voting_age_population": 562104, "population": 717184, "gov_dvote": 98714, "gov_rvote": 76936, "comp_dvote": 66743, "comp_rvote": 100040, "uss_dvote": 95850, "uss_rvote": 74331, "statecode": "ny"}, "19": {"voting_age_population": 570334, "population": 720218, "gov_dvote": 108988.7373845577, "gov_rvote": 76425.5592178702, "comp_dvote": 82787.3707520962, "comp_rvote": 97077.92482042301, "uss_dvote": 107766.5550982356, "uss_rvote": 76351.1040170193, "statecode": "ny"}, "24": {"voting_age_population": 554211, "population": 718426, "gov_dvote": 107451, "gov_rvote": 59900, "comp_dvote": 76100, "comp_rvote": 87606, "uss_dvote": 99455, "uss_rvote": 65701, "statecode": "ny"}, "21": {"voting_age_population": 560232, "population": 717489, "gov_dvote": 103606.00000062588, "gov_rvote": 67327.0000000596, "comp_dvote": 69349.00000058117, "comp_rvote": 93470.00000008199, "uss_dvote": 99813.00000057367, "uss_rvote": 66767.0000000596, "statecode": "ny"}, "18": {"voting_age_population": 536706, "population": 720246, "gov_dvote": 102815, "gov_rvote": 67816, "comp_dvote": 79879, "comp_rvote": 84982, "uss_dvote": 93082, "uss_rvote": 73932, "statecode": "ny"}, "26": {"voting_age_population": 563677, "population": 715267, "gov_dvote": 85890, "gov_rvote": 95942, "comp_dvote": 85386, "comp_rvote": 79077, "uss_dvote": 115821, "uss_rvote": 54234, "statecode": "ny"}, "27": {"voting_age_population": 562460, "population": 722765, "gov_dvote": 71718.26262482969, "gov_rvote": 127440.44080322879, "comp_dvote": 61283.629257083194, "comp_rvote": 122682.0751980499, "uss_dvote": 94749.4449165467, "uss_rvote": 92213.895995676, "statecode": "ny"}, "8": {"voting_age_population": 547739, "population": 714629, "gov_dvote": 95457, "gov_rvote": 11705, "comp_dvote": 90249, "comp_rvote": 15813, "uss_dvote": 91718, "uss_rvote": 14088, "statecode": "ny"}, "7": {"voting_age_population": 540770, "population": 711589, "gov_dvote": 69372, "gov_rvote": 7950, "comp_dvote": 60937, "comp_rvote": 12318, "uss_dvote": 64682, "uss_rvote": 9435, "statecode": "ny"}, "9": {"voting_age_population": 553859, "population": 720760, "gov_dvote": 98342, "gov_rvote": 13711, "comp_dvote": 90481, "comp_rvote": 19810, "uss_dvote": 94624, "uss_rvote": 16140, "statecode": "ny"}, "11": {"voting_age_population": 559333, "population": 720244, "gov_dvote": 68768, "gov_rvote": 43472, "comp_dvote": 53124, "comp_rvote": 57032, "uss_dvote": 58960, "uss_rvote": 52105, "statecode": "ny"}, "10": {"voting_age_population": 579081, "population": 713800, "gov_dvote": 99284, "gov_rvote": 21629, "comp_dvote": 78810, "comp_rvote": 38622, "uss_dvote": 94096, "uss_rvote": 28101, "statecode": "ny"}, "12": {"voting_age_population": 636524, "population": 719046, "gov_dvote": 113946, "gov_rvote": 20637, "comp_dvote": 87027, "comp_rvote": 45277, "uss_dvote": 108192, "uss_rvote": 30062, "statecode": "ny"}, "25": {"voting_age_population": 554587, "population": 716528, "gov_dvote": 120981, "gov_rvote": 57456, "comp_dvote": 81654, "comp_rvote": 86482, "uss_dvote": 106000, "uss_rvote": 68006, "statecode": "ny"}, "3": {"voting_age_population": 554423, "population": 719496, "gov_dvote": 118079, "gov_rvote": 64597, "comp_dvote": 89953, "comp_rvote": 92247, "uss_dvote": 101386, "uss_rvote": 80135, "statecode": "ny"}, "4": {"voting_age_population": 551267, "population": 717618, "gov_dvote": 115542, "gov_rvote": 60974, "comp_dvote": 91832, "comp_rvote": 85264, "uss_dvote": 99337, "uss_rvote": 76298, "statecode": "ny"}, "2": {"voting_age_population": 544519, "population": 716463, "gov_dvote": 87393, "gov_rvote": 54976, "comp_dvote": 67873, "comp_rvote": 71892, "uss_dvote": 73037, "uss_rvote": 64487, "statecode": "ny"}, "5": {"voting_age_population": 547031, "population": 719628, "gov_dvote": 102431, "gov_rvote": 12114, "comp_dvote": 95997, "comp_rvote": 16613, "uss_dvote": 98136, "uss_rvote": 14782, "statecode": "ny"}, "6": {"voting_age_population": 585996, "population": 718892, "gov_dvote": 70981, "gov_rvote": 24324, "comp_dvote": 56579, "comp_rvote": 35260, "uss_dvote": 63454, "uss_rvote": 29499, "statecode": "ny"}, "17": {"voting_age_population": 531025, "population": 711664, "gov_dvote": 115777, "gov_rvote": 57253, "comp_dvote": 89522, "comp_rvote": 77520, "uss_dvote": 101676, "uss_rvote": 67333, "statecode": "ny"}, "1": {"voting_age_population": 550191, "population": 717875, "gov_dvote": 99574.00001165271, "gov_rvote": 62412.0000040826, "comp_dvote": 77639.0000088806, "comp_rvote": 81365.0000059309, "uss_dvote": 85675.0000097155, "uss_rvote": 71648.00000509611, "statecode": "ny"}}