{"statecode": "ny", "voting_age_population": 15053173, "population": 19378102, "gov_dvote": 2607706.0000216663, "gov_rvote": 1288734.0000252414, "comp_dvote": 2087475.000018641, "comp_rvote": 1672127.0000244856, "uss_dvote": 2476474.000025071, "uss_rvote": 1336273.0000178511}
